{"cameraMode":{"drawMode":0,"name":"Shaded","section":"Shading Mode"},"sceneLighting":true,"audioPlay":false,"sceneViewState":{"showFog":true,"showMaterialUpdate":false,"showSkybox":true,"showFlares":true,"showImageEffects":true,"showParticleSystems":true,"showVisualEffectGraphs":true,"m_FxEnabled":true},"in2DMode":false,"pivot":{"x":0.03690578043460846,"y":5.346723556518555,"z":-2.391206741333008},"rotation":{"x":0.4810881018638611,"y":-0.0026299546007066967,"z":0.001443298882804811,"w":0.876667320728302},"size":14.9606351852417,"orthographic":true}